"name (S)","cuisine (S)","loc_src (S)"
"Akashi (Sushi)","Chinese","https://www.google.com/maps/embed?pb=!1m18!1m12!1m3!1d55455.203210209875!2d-95.4199717885323!3d29.692223449306603!2m3!1f0!2f0!3f0!3m2!1i1024!2i768!4f13.1!3m3!1m2!1s0x0%3A0xd4d973e60d4fc591!2sAkashi+Asian+Sushi+Cuisine+%26+Wine+Bar%E2%84%A2-Sushi+Houston!5e0!3m2!1sen!2sus!4v1532694904450"
"Annie's Hamburgers","Burgers","https://www.google.com/maps/embed?pb=!1m18!1m12!1m3!1d3466.950465325516!2d-95.46587778425261!3d29.663211743434363!2m3!1f0!2f0!3f0!3m2!1i1024!2i768!4f13.1!3m3!1m2!1s0x8640ea11b9b7fb85%3A0x276d8631bbfdb9aa!2sAnnies+Hamburgers!5e0!3m2!1sen!2sus!4v1532694963554"
"Arby's","Fast-Food","https://www.google.com/maps/embed?pb=!1m18!1m12!1m3!1d110859.96586084535!2d-95.55119258930584!3d29.73788934579317!2m3!1f0!2f0!3f0!3m2!1i1024!2i768!4f13.1!3m3!1m2!1s0x0%3A0x1de5d5e0b35b6bfd!2sArby's!5e0!3m2!1sen!2sus!4v1532696647958"
"Baytown Seafood","Seafood","https://www.google.com/maps/embed?pb=!1m14!1m8!1m3!1d110897.54442297413!2d-95.4731933!3d29.703874!3m2!1i1024!2i768!4f13.1!3m3!1m2!1s0x0%3A0xf6d943e3eb5cc583!2sCapt.+Benny&#39;s+Seafood!5e0!3m2!1sen!2sus!4v1532632478009"
"Black Walnut Cafe","Generic","https://www.google.com/maps/embed?pb=!1m18!1m12!1m3!1d110926.84089461311!2d-95.50866618146192!3d29.677330857861236!2m3!1f0!2f0!3f0!3m2!1i1024!2i768!4f13.1!3m3!1m2!1s0x0%3A0x46067ed6c8975c63!2sBlack+Walnut+Cafe!5e0!3m2!1sen!2sus!4v1532695053397"
"Brown Bag Deli","Sandwiches","https://www.google.com/maps/embed?pb=!1m18!1m12!1m3!1d110926.2639524645!2d-95.50866629947517!3d29.677853786322448!2m3!1f0!2f0!3f0!3m2!1i1024!2i768!4f13.1!3m3!1m2!1s0x0%3A0xc1b5ff8ff405e073!2sBrown+Bag+Deli!5e0!3m2!1sen!2sus!4v1532695101654"
"Buca di Peppo","Italian","https://www.google.com/maps/embed?pb=!1m18!1m12!1m3!1d443703.14633345656!2d-95.71880622971094!3d29.678286457495616!2m3!1f0!2f0!3f0!3m2!1i1024!2i768!4f13.1!3m3!1m2!1s0x0%3A0xa931caeb3041af84!2sBuca+di+Beppo+Italian+Restaurant!5e0!3m2!1sen!2sus!4v1532695136524"
"Buon Appetito","Italian","https://www.google.com/maps/embed?pb=!1m18!1m12!1m3!1d3465.476808809753!2d-95.41298258425199!3d29.70594474143712!2m3!1f0!2f0!3f0!3m2!1i1024!2i768!4f13.1!3m3!1m2!1s0x8640c06b951c97d1%3A0xe103810178c21065!2sBuon+Appetito+Restaurant!5e0!3m2!1sen!2sus!4v1532695177373"
"Cacho's","Mexican","https://www.google.com/maps/embed?pb=!1m18!1m12!1m3!1d3466.4251595004766!2d-95.42413388425238!3d29.678450942722453!2m3!1f0!2f0!3f0!3m2!1i1024!2i768!4f13.1!3m3!1m2!1s0x8640c02762e4cf6f%3A0x89a1449bd23f82f5!2sChacho's+Mexican+Restaurant!5e0!3m2!1sen!2sus!4v1532698010757"
"Candelari's Pizza","Pizza","https://www.google.com/maps/embed?pb=!1m18!1m12!1m3!1d3465.480573601091!2d-95.42137068425203!3d29.70583564144213!2m3!1f0!2f0!3f0!3m2!1i1024!2i768!4f13.1!3m3!1m2!1s0x8640c04146584e15%3A0xcbd0f7299b0fcb92!2sCandelar's+Pizzeria!5e0!3m2!1sen!2sus!4v1532698053334"
"Captain Benny's","Seafood","https://www.google.com/maps/embed?pb=!1m18!1m12!1m3!1d110895.2289276019!2d-95.48922158289176!3d29.705970962249648!2m3!1f0!2f0!3f0!3m2!1i1024!2i768!4f13.1!3m3!1m2!1s0x0%3A0xf6d943e3eb5cc583!2sCapt.+Benny's+Seafood!5e0!3m2!1sen!2sus!4v1532698094758"
"Celeburne Cafeteria","Generic","https://www.google.com/maps/embed?pb=!1m18!1m12!1m3!1d3464.79712203727!2d-95.43480858425175!3d29.725635440515838!2m3!1f0!2f0!3f0!3m2!1i1024!2i768!4f13.1!3m3!1m2!1s0x8640c0ff1525be23%3A0xfa3c2cd1a8c37513!2sCleburne+Cafeteria!5e0!3m2!1sen!2sus!4v1532695319085"
"Chick-Fil-A","Fast-Food","https://www.google.com/maps/embed?pb=!1m18!1m12!1m3!1d13865.17083073357!2d-95.4449134961757!3d29.682292266778227!2m3!1f0!2f0!3f0!3m2!1i1024!2i768!4f13.1!3m3!1m2!1s0x0%3A0xfa9fdac971c982f0!2sChick-fil-A!5e0!3m2!1sen!2sus!4v1532695478839"
"China Stix","Chinese","https://www.google.com/maps/embed?pb=!1m18!1m12!1m3!1d13861.835075152952!2d-95.42377517406604!3d29.706467518674053!2m3!1f0!2f0!3f0!3m2!1i1024!2i768!4f13.1!3m3!1m2!1s0x8640c048a6b8d8fb%3A0xe6033ae68cf2041c!2sChina+Stix!5e0!3m2!1sen!2sus!4v1532695523112"
"Chipotle","Burritos","https://www.google.com/maps/embed?pb=!1m18!1m12!1m3!1d13864.60785379185!2d-95.42742297924799!3d29.686373589735013!2m3!1f0!2f0!3f0!3m2!1i1024!2i768!4f13.1!3m3!1m2!1s0x0%3A0xc0f66b09b9c78342!2sChipotle+Mexican+Grill!5e0!3m2!1sen!2sus!4v1532695567353"
"Church's Chicken","Fast-Food","https://www.google.com/maps/embed?pb=!1m18!1m12!1m3!1d3465.6446076101934!2d-95.37882478425205!3d29.701081741664524!2m3!1f0!2f0!3f0!3m2!1i1024!2i768!4f13.1!3m3!1m2!1s0x8640bfeb0df6fa0b%3A0x368e937b82fdde45!2sChurch's+Chicken!5e0!3m2!1sen!2sus!4v1532696716703"
"Crawfish & Noodles","Seafood","https://www.google.com/maps/embed?pb=!1m18!1m12!1m3!1d3465.5382585717566!2d-95.58205518425203!3d29.704163941520452!2m3!1f0!2f0!3f0!3m2!1i1024!2i768!4f13.1!3m3!1m2!1s0x8640dd3d1b33f31b%3A0x289365a482758ac4!2sCrawfish+%26+Noodles!5e0!3m2!1sen!2sus!4v1532695908364"
"D'Amico's","Italian","https://www.google.com/maps/embed?pb=!1m18!1m12!1m3!1d3465.130373540915!2d-95.41754268425191!3d29.715982540967516!2m3!1f0!2f0!3f0!3m2!1i1024!2i768!4f13.1!3m3!1m2!1s0x8640c058ccd176a7%3A0xab36046371ef5279!2sD'Amico's+Italian+Market+Cafe!5e0!3m2!1sen!2sus!4v1532697926646"
"Del Frisco's","Steak","https://www.google.com/maps/embed?pb=!1m18!1m12!1m3!1d3464.2509451571214!2d-95.42131568425152!3d29.74144973977576!2m3!1f0!2f0!3f0!3m2!1i1024!2i768!4f13.1!3m3!1m2!1s0x8640c0ec122beef7%3A0x6f3c25137cd15977!2sDel+Frisco's+Grille!5e0!3m2!1sen!2sus!4v1532698134495"
"Denny's","Generic","https://www.google.com/maps/embed?pb=!1m18!1m12!1m3!1d3466.4225460088123!2d-95.43127748425236!3d29.678526742718898!2m3!1f0!2f0!3f0!3m2!1i1024!2i768!4f13.1!3m3!1m2!1s0x8640c029db4c10f7%3A0xde9abe7a3f9dcbb8!2sDenny's!5e0!3m2!1sen!2sus!4v1532697875004"
"Dimassi's Mediterranean Buffet","Mediterranean","https://www.google.com/maps/embed?pb=!1m18!1m12!1m3!1d55442.044787704384!2d-95.4503733555487!3d29.716057118842585!2m3!1f0!2f0!3f0!3m2!1i1024!2i768!4f13.1!3m3!1m2!1s0x0%3A0xf9529c3617af0545!2sDimassi's+Mediterranean+Buffet!5e0!3m2!1sen!2sus!4v1532697972172"
"El Meson","Mexican","https://www.google.com/maps/embed?pb=!1m18!1m12!1m3!1d8732.128451802915!2d-95.4162115790095!3d29.709693250031386!2m3!1f0!2f0!3f0!3m2!1i1024!2i768!4f13.1!3m3!1m2!1s0x8640c05d6430486f%3A0x92849b1576a746b2!2sEl+Meson+Restaurant!5e0!3m2!1sen!2sus!4v1532698627019"
"Escelante's","Mexican","https://www.google.com/maps/embed?pb=!1m18!1m12!1m3!1d55436.94923642307!2d-95.4756640781109!3d29.725281956133003!2m3!1f0!2f0!3f0!3m2!1i1024!2i768!4f13.1!3m3!1m2!1s0x0%3A0x5291e316ace102e2!2sEscalante's!5e0!3m2!1sen!2sus!4v1532698697980"
"Five Guys","Burgers","https://www.google.com/maps/embed?pb=!1m18!1m12!1m3!1d27724.418225136!2d-95.44554718820369!3d29.70375764401902!2m3!1f0!2f0!3f0!3m2!1i1024!2i768!4f13.1!3m3!1m2!1s0x0%3A0xb2e042465bd34fc7!2sFive+Guys!5e0!3m2!1sen!2sus!4v1532698731276"
"Freebirds","Burritos","https://www.google.com/maps/embed?pb=!1m18!1m12!1m3!1d110897.48871478571!2d-95.49807720525233!3d29.703924452109085!2m3!1f0!2f0!3f0!3m2!1i1024!2i768!4f13.1!3m3!1m2!1s0x0%3A0x945528a962a201db!2sFreebirds+World+Burrito!5e0!3m2!1sen!2sus!4v1532698769060"
"Fuddruckers","Burgers","https://www.google.com/maps/embed?pb=!1m18!1m12!1m3!1d110897.20011891215!2d-95.4980772642434!3d29.704185817654317!2m3!1f0!2f0!3f0!3m2!1i1024!2i768!4f13.1!3m3!1m2!1s0x0%3A0x91dda3e7e16c19f2!2sFuddruckers!5e0!3m2!1sen!2sus!4v1532698825367"
"Fuzzy's","Mexican","https://www.google.com/maps/embed?pb=!1m18!1m12!1m3!1d69877.07129990168!2d-95.47868125109808!3d29.680868181871453!2m3!1f0!2f0!3f0!3m2!1i1024!2i768!4f13.1!3m3!1m2!1s0x0%3A0x96a8ed5ddd9740a3!2sFuzzy's+Taco+Shop!5e0!3m2!1sen!2sus!4v1532698865622"
"Gatlin's BBQ","BBQ","https://www.google.com/maps/embed?pb=!1m18!1m12!1m3!1d192062.66668009813!2d-95.66918262097094!3d29.65627792840386!2m3!1f0!2f0!3f0!3m2!1i1024!2i768!4f13.1!3m3!1m2!1s0x8640c704bb3bfa9f%3A0x9a0965a0c4415fa5!2sGatlin's+BBQ!5e0!3m2!1sen!2sus!4v1532698916760"
"Golden Corral","Generic","https://www.google.com/maps/embed?pb=!1m18!1m12!1m3!1d221899.22578829827!2d-95.66918279783742!3d29.656684093556173!2m3!1f0!2f0!3f0!3m2!1i1024!2i768!4f13.1!3m3!1m2!1s0x0%3A0xaa7535fe3358f05c!2sGolden+Corral!5e0!3m2!1sen!2sus!4v1532698953678"
"Goode Company","BBQ","https://www.google.com/maps/embed?pb=!1m18!1m12!1m3!1d8241.036023708442!2d-95.42011746014212!3d29.72206760358955!2m3!1f0!2f0!3f0!3m2!1i1024!2i768!4f13.1!3m3!1m2!1s0x0%3A0xc87eb4a2a53637ad!2sGoode+Company+BBQ!5e0!3m2!1sen!2sus!4v1532699003942"
"Hopdoddy","Burgers","https://www.google.com/maps/embed?pb=!1m18!1m12!1m3!1d221778.58938875044!2d-95.54817270871095!3d29.711344517047056!2m3!1f0!2f0!3f0!3m2!1i1024!2i768!4f13.1!3m3!1m2!1s0x0%3A0x37d4acd9cfcc94fc!2sHopdoddy+Burger+Bar!5e0!3m2!1sen!2sus!4v1532699043246"
"House of Pies","Generic","https://www.google.com/maps/embed?pb=!1m18!1m12!1m3!1d65938.71899657213!2d-95.42681856511119!3d29.705938420968987!2m3!1f0!2f0!3f0!3m2!1i1024!2i768!4f13.1!3m3!1m2!1s0x0%3A0x6312e8c0d39077e8!2sHouse+of+Pies!5e0!3m2!1sen!2sus!4v1532699076106"
"Houston's","Generic","https://www.google.com/maps/embed?pb=!1m18!1m12!1m3!1d55436.87409684459!2d-95.46132204803945!3d29.725417967170117!2m3!1f0!2f0!3f0!3m2!1i1024!2i768!4f13.1!3m3!1m2!1s0x0%3A0x41d977aa85b0c870!2sHouston's!5e0!3m2!1sen!2sus!4v1532696254752"
"Hu's Garden","Chinese","https://www.google.com/maps/embed?pb=!1m18!1m12!1m3!1d3466.586942818163!2d-95.46102688425245!3d29.673758342941667!2m3!1f0!2f0!3f0!3m2!1i1024!2i768!4f13.1!3m3!1m2!1s0x8640ea0a8a1adead%3A0x21a45f3a2dfd8061!2zSHXigJlzIEdhcmRlbg!5e0!3m2!1sen!2sus!4v1532699113242"
"Hunan Hut","Chinese","https://www.google.com/maps/embed?pb=!1m18!1m12!1m3!1d3466.586942818163!2d-95.46102688425245!3d29.673758342941667!2m3!1f0!2f0!3f0!3m2!1i1024!2i768!4f13.1!3m3!1m2!1s0x8640ea0a8a1adead%3A0x21a45f3a2dfd8061!2zSHXigJlzIEdhcmRlbg!5e0!3m2!1sen!2sus!4v1532699113242"
"Hungry Farmer","BBQ","https://www.google.com/maps/embed?pb=!1m18!1m12!1m3!1d221845.2820981554!2d-95.56373029962867!3d29.681137319818262!2m3!1f0!2f0!3f0!3m2!1i1024!2i768!4f13.1!3m3!1m2!1s0x0%3A0x7fc6d697ce0cd76e!2sHungry+Farmer+BBQ!5e0!3m2!1sen!2sus!4v1532699259075"
"Hunters Pub","Generic","https://www.google.com/maps/embed?pb=!1m18!1m12!1m3!1d3466.8433296320386!2d-95.46497058425246!3d29.66632034328917!2m3!1f0!2f0!3f0!3m2!1i1024!2i768!4f13.1!3m3!1m2!1s0x8640ea0e15f14323%3A0xae70a0652b8dd53c!2sHunters+Pub!5e0!3m2!1sen!2sus!4v1532699352107"
"Jack-In-The-Box","Fast-Food","https://www.google.com/maps/embed?pb=!1m18!1m12!1m3!1d27732.555447331953!2d-95.45471392390898!3d29.674266316283475!2m3!1f0!2f0!3f0!3m2!1i1024!2i768!4f13.1!3m3!1m2!1s0x0%3A0x97e9b89135180479!2sJack+in+the+Box!5e0!3m2!1sen!2sus!4v1532699388860"
"Jimmy John's","Sandwiches","https://www.google.com/maps/embed?pb=!1m18!1m12!1m3!1d110930.03769627155!2d-95.50724394134278!3d29.6744331910043!2m3!1f0!2f0!3f0!3m2!1i1024!2i768!4f13.1!3m3!1m2!1s0x0%3A0x78d1c230ceeb3d7!2sJimmy+John's!5e0!3m2!1sen!2sus!4v1532699419717"
"Jimmy Wok","Chinese","https://www.google.com/maps/embed?pb=!1m18!1m12!1m3!1d3465.4364719567875!2d-95.41442768425202!3d29.70711364138251!2m3!1f0!2f0!3f0!3m2!1i1024!2i768!4f13.1!3m3!1m2!1s0x8640c06bc0d529d3%3A0x6e018950a4d57593!2sJimmy+Wok!5e0!3m2!1sen!2sus!4v1532699456788"
"KFC","Fast-Food","https://www.google.com/maps/embed?pb=!1m18!1m12!1m3!1d55446.94236919902!2d-95.44725835557847!3d29.707188227100342!2m3!1f0!2f0!3f0!3m2!1i1024!2i768!4f13.1!3m3!1m2!1s0x0%3A0x5fe55f38fa524b56!2sKFC!5e0!3m2!1sen!2sus!4v1532699495182"
"Kenny & Ziggy's","Sandwiches","https://www.google.com/maps/embed?pb=!1m18!1m12!1m3!1d156839.18073110003!2d-95.59075745728272!3d29.699716001944445!2m3!1f0!2f0!3f0!3m2!1i1024!2i768!4f13.1!3m3!1m2!1s0x0%3A0xfd5984cd00697e7a!2sKenny+and+Ziggy's!5e0!3m2!1sen!2sus!4v1532701872544"
"Killen's (Pearland)","BBQ","https://www.google.com/maps/embed?pb=!1m18!1m12!1m3!1d3470.3608492623143!2d-95.28446518425385!3d29.56410234805663!2m3!1f0!2f0!3f0!3m2!1i1024!2i768!4f13.1!3m3!1m2!1s0x86409116dc22011d%3A0x6c965186024b2148!2sKillen&#39;s+Barbecue!5e0!3m2!1sen!2sus!4v1532702154756"
"Lenny's","Sandwiches","https://www.google.com/maps/embed?pb=!1m18!1m12!1m3!1d46650.29245428217!2d-95.42163604511337!3d29.652959437039723!2m3!1f0!2f0!3f0!3m2!1i1024!2i768!4f13.1!3m3!1m2!1s0x0%3A0x4889ef1dde6cbcd8!2sLennys+Grill+%26+Subs!5e0!3m2!1sen!2sus!4v1532702192099"
"Little Woodrow's","Generic","https://www.google.com/maps/embed?pb=!1m18!1m12!1m3!1d55445.647640333445!2d-95.43634720289855!3d29.70953304890502!2m3!1f0!2f0!3f0!3m2!1i1024!2i768!4f13.1!3m3!1m2!1s0x0%3A0x8f741a156cdf0faa!2sLittle+Woodrow's+Bellaire!5e0!3m2!1sen!2sus!4v1532696378385"
"Luby's","Generic","https://www.google.com/maps/embed?pb=!1m18!1m12!1m3!1d32968.207373190155!2d-95.43634719768497!3d29.709447652441263!2m3!1f0!2f0!3f0!3m2!1i1024!2i768!4f13.1!3m3!1m2!1s0x0%3A0x80509834184f78be!2sLuby's!5e0!3m2!1sen!2sus!4v1532696328897"
"Luling City Market","BBQ","https://www.google.com/maps/embed?pb=!1m18!1m12!1m3!1d3464.5391021281293!2d-95.45950238425168!3d29.733107240166323!2m3!1f0!2f0!3f0!3m2!1i1024!2i768!4f13.1!3m3!1m2!1s0x8640c172cc353085%3A0x38f31f309caeec3a!2sLuling+City+Market!5e0!3m2!1sen!2sus!4v1532702357405"
"Maggiano's Little Italy","Italian","https://www.google.com/maps/embed?pb=!1m18!1m12!1m3!1d55442.38453823099!2d-95.49954283332296!3d29.715441951871924!2m3!1f0!2f0!3f0!3m2!1i1024!2i768!4f13.1!3m3!1m2!1s0x0%3A0x90fe0eac6756f44e!2sMaggiano's+Little+Italy!5e0!3m2!1sen!2sus!4v1532702392893"
"McDonald's","Fast-Food","https://www.google.com/maps/embed?pb=!1m18!1m12!1m3!1d55442.30728743283!2d-95.4995428480686!3d29.7155818265185!2m3!1f0!2f0!3f0!3m2!1i1024!2i768!4f13.1!3m3!1m2!1s0x0%3A0x5cfe30204c5f07ee!2sMcDonald's!5e0!3m2!1sen!2sus!4v1532702428933"
"Molina's Cantina","Mexican","https://www.google.com/maps/embed?pb=!1m18!1m12!1m3!1d55442.23003643364!2d-95.49954286281424!3d29.715721700930782!2m3!1f0!2f0!3f0!3m2!1i1024!2i768!4f13.1!3m3!1m2!1s0x0%3A0xf1a88006b6dbd225!2sMolina's+Cantina!5e0!3m2!1sen!2sus!4v1532702468621"
"Morton's","Steak","https://www.google.com/maps/embed?pb=!1m18!1m12!1m3!1d55442.15278523343!2d-95.49954287755982!3d29.715861575108764!2m3!1f0!2f0!3f0!3m2!1i1024!2i768!4f13.1!3m3!1m2!1s0x0%3A0x7f18fd17f8eba5b1!2sMorton's+The+Steakhouse!5e0!3m2!1sen!2sus!4v1532702516027"
"Ninfa's (Navigation)","Mexican","https://www.google.com/maps/embed?pb=!1m18!1m12!1m3!1d55447.92101665342!2d-95.4547392729206!3d29.705415733673153!2m3!1f0!2f0!3f0!3m2!1i1024!2i768!4f13.1!3m3!1m2!1s0x0%3A0x2fbefdd8fc0214db!2sThe+Original+Ninfa&#39;s+on+Navigation!5e0!3m2!1sen!2sus!4v1532702598135"
"Old Hickory Inn","BBQ","https://www.google.com/maps/embed?pb=!1m18!1m12!1m3!1d221791.03376542366!2d-95.55980259777371!3d29.705710191253083!2m3!1f0!2f0!3f0!3m2!1i1024!2i768!4f13.1!3m3!1m2!1s0x0%3A0x916210b2feee8c96!2sOld+Hickory+Inn+Barbecue!5e0!3m2!1sen!2sus!4v1532702639080"
"Olive Garden","Italian","https://www.google.com/maps/embed?pb=!1m18!1m12!1m3!1d65955.25378923265!2d-95.44065010050026!3d29.680745887512366!2m3!1f0!2f0!3f0!3m2!1i1024!2i768!4f13.1!3m3!1m2!1s0x0%3A0x6f34cb3fa35247d6!2sOlive+Garden+Italian+Restaurant!5e0!3m2!1sen!2sus!4v1532702683152"
"Panda Express","Chinese","https://www.google.com/maps/embed?pb=!1m18!1m12!1m3!1d110922.89162703634!2d-95.44065012136107!3d29.68091022499185!2m3!1f0!2f0!3f0!3m2!1i1024!2i768!4f13.1!3m3!1m2!1s0x0%3A0xb010472e26c9da5!2sPanda+Express!5e0!3m2!1sen!2sus!4v1532702735937"
"Panera Bread","Sandwiches","https://www.google.com/maps/embed?pb=!1m18!1m12!1m3!1d110922.6031396826!2d-95.44065018036574!3d29.681171676363615!2m3!1f0!2f0!3f0!3m2!1i1024!2i768!4f13.1!3m3!1m2!1s0x0%3A0x8e5b13480c1cdbb8!2sPanera+Bread!5e0!3m2!1sen!2sus!4v1532702775631"
"Pappa's","BBQ","https://www.google.com/maps/embed?pb=!1m18!1m12!1m3!1d110922.31465109503!2d-95.44065023937023!3d29.681433126760478!2m3!1f0!2f0!3f0!3m2!1i1024!2i768!4f13.1!3m3!1m2!1s0x0%3A0xbb69e4151844bf60!2sPappas+Bar-B-Q!5e0!3m2!1sen!2sus!4v1532702809593"
"Pappa's Bros","Steak","https://www.google.com/maps/embed?pb=!1m18!1m12!1m3!1d110922.0261612735!2d-95.44065029837456!3d29.68169457618246!2m3!1f0!2f0!3f0!3m2!1i1024!2i768!4f13.1!3m3!1m2!1s0x0%3A0xbc27f801def76ed!2sPappas+Bros.+Steakhouse!5e0!3m2!1sen!2sus!4v1532702844424"
"Pappa's Burgers (Westheimer)","Burgers","https://www.google.com/maps/embed?pb=!1m18!1m12!1m3!1d3464.3835945659403!2d-95.4833416842516!3d29.73760963995561!2m3!1f0!2f0!3f0!3m2!1i1024!2i768!4f13.1!3m3!1m2!1s0x8640c3d9109141cd%3A0x50c037709016608a!2sPappas+Burger!5e0!3m2!1sen!2sus!4v1532696437331"
"Pappadeaux","Seafood","https://www.google.com/maps/embed?pb=!1m18!1m12!1m3!1d110897.8330154223!2d-95.47319324191955!3d29.70361263506333!2m3!1f0!2f0!3f0!3m2!1i1024!2i768!4f13.1!3m3!1m2!1s0x0%3A0xe9b12823ee27dff3!2sPappadeaux+Seafood+Kitchen!5e0!3m2!1sen!2sus!4v1532631567801"
"Pappasito's","Mexican","https://www.google.com/maps/embed?pb=!1m18!1m12!1m3!1d110921.73767021805!2d-95.44065035737877!3d29.68195602462954!2m3!1f0!2f0!3f0!3m2!1i1024!2i768!4f13.1!3m3!1m2!1s0x0%3A0xeda4caa89ae341d8!2sPappasito's+Cantina!5e0!3m2!1sen!2sus!4v1532702921985"
"Paulie's PoBoys","Sandwiches","https://www.google.com/maps/embed?pb=!1m18!1m12!1m3!1d3465.4964366582367!2d-95.440008784252!3d29.705375941463693!2m3!1f0!2f0!3f0!3m2!1i1024!2i768!4f13.1!3m3!1m2!1s0x8640c1b485a67537%3A0x897f4c2b88d824b!2sPaulie's+Poboys!5e0!3m2!1sen!2sus!4v1532702957953"
"Pink's Pizza","Pizza","https://www.google.com/maps/embed?pb=!1m18!1m12!1m3!1d55447.90180576297!2d-95.47283945558436!3d29.70545052871804!2m3!1f0!2f0!3f0!3m2!1i1024!2i768!4f13.1!3m3!1m2!1s0x0%3A0xf87c686ed6227d37!2sPink's+Pizza!5e0!3m2!1sen!2sus!4v1532703088627"
"Pizza Hut","Pizza","https://www.google.com/maps/embed?pb=!1m18!1m12!1m3!1d55447.82456932882!2d-95.47283947033148!3d29.705590420100034!2m3!1f0!2f0!3f0!3m2!1i1024!2i768!4f13.1!3m3!1m2!1s0x0%3A0x9f85e64267ed1c93!2sPizza+Hut+Express!5e0!3m2!1sen!2sus!4v1532703265390"
"Popeye's","Fast-Food","https://www.google.com/maps/embed?pb=!1m18!1m12!1m3!1d55447.747332693485!2d-95.4728394850786!3d29.705730311247727!2m3!1f0!2f0!3f0!3m2!1i1024!2i768!4f13.1!3m3!1m2!1s0x0%3A0xa9721b4ae786965e!2sPopeyes+Louisiana+Kitchen!5e0!3m2!1sen!2sus!4v1532703304350"
"Pronto's","Italian","https://www.google.com/maps/embed?pb=!1m18!1m12!1m3!1d1732.7683098395692!2d-95.4259449159685!3d29.70421143750944!2m3!1f0!2f0!3f0!3m2!1i1024!2i768!4f13.1!3m3!1m2!1s0x0%3A0xe0ecdc834fb7a230!2sPronto+Cucinino!5e0!3m2!1sen!2sus!4v1532703352030"
"Qin Dynasty","Chinese","https://www.google.com/maps/embed?pb=!1m18!1m12!1m3!1d3464.7104969330626!2d-95.42918958425174!3d29.728144140398676!2m3!1f0!2f0!3f0!3m2!1i1024!2i768!4f13.1!3m3!1m2!1s0x8640c0f9a6a82923%3A0xe978acd17a2584bd!2sQin+Dynasty!5e0!3m2!1sen!2sus!4v1532703383132"
"Quizno's","Sandwiches","https://www.google.com/maps/embed?pb=!1m18!1m12!1m3!1d55435.32675260494!2d-95.46202025550765!3d29.728218707517172!2m3!1f0!2f0!3f0!3m2!1i1024!2i768!4f13.1!3m3!1m2!1s0x0%3A0x6e5afec9f7d265d!2sQuiznos!5e0!3m2!1sen!2sus!4v1532703427509"
"Raising Canes","Fast-Food","https://www.google.com/maps/embed?pb=!1m18!1m12!1m3!1d55435.24948345286!2d-95.46202027025143!3d29.728358560758053!2m3!1f0!2f0!3f0!3m2!1i1024!2i768!4f13.1!3m3!1m2!1s0x0%3A0xae3089593b6fd89c!2sRaising+Cane's+Chicken+Fingers!5e0!3m2!1sen!2sus!4v1532703464974"
"Ray's BBQ Shack","BBQ","https://www.google.com/maps/embed?pb=!1m18!1m12!1m3!1d3465.5824597501523!2d-95.35882698425215!3d29.702882941580395!2m3!1f0!2f0!3f0!3m2!1i1024!2i768!4f13.1!3m3!1m2!1s0x8640be484932d02b%3A0x910c06dac82daaad!2sRay's+BBQ+Shack!5e0!3m2!1sen!2sus!4v1532703504310"
"Red River Ice House","Generic","https://www.google.com/maps/embed?pb=!1m18!1m12!1m3!1d3466.5607872523033!2d-95.43283408425242!3d29.674517042906327!2m3!1f0!2f0!3f0!3m2!1i1024!2i768!4f13.1!3m3!1m2!1s0x8640ea8164b105e1%3A0x2c6c3b767fa2e4fa!2sRed+River+Ice+House!5e0!3m2!1sen!2sus!4v1532703539478"
"Russo's NY Pizza","Pizza","https://www.google.com/maps/embed?pb=!1m18!1m12!1m3!1d65961.08217612159!2d-95.4182731437138!3d29.671861079963488!2m3!1f0!2f0!3f0!3m2!1i1024!2i768!4f13.1!3m3!1m2!1s0x0%3A0x1bad67c664df6562!2sRusso's+New+York+Pizza!5e0!3m2!1sen!2sus!4v1532703643199"
"Ruth's Chris","Steak","https://www.google.com/maps/embed?pb=!1m18!1m12!1m3!1d90606.91290335952!2d-95.64592097155682!3d29.694739127552683!2m3!1f0!2f0!3f0!3m2!1i1024!2i768!4f13.1!3m3!1m2!1s0x0%3A0x72fa09b530223004!2sRuth's+Chris+Steak+House!5e0!3m2!1sen!2sus!4v1532703689087"
"Salata","Generic","https://www.google.com/maps/embed?pb=!1m18!1m12!1m3!1d110906.40007213606!2d-95.56180693622474!3d29.695852892804496!2m3!1f0!2f0!3f0!3m2!1i1024!2i768!4f13.1!3m3!1m2!1s0x0%3A0x47f95ddd72db8af2!2sSalata!5e0!3m2!1sen!2sus!4v1532703728072"
"Saltgrass","Steak","https://www.google.com/maps/embed?pb=!1m18!1m12!1m3!1d110906.11151429905!2d-95.56180699522058!3d29.69611428845363!2m3!1f0!2f0!3f0!3m2!1i1024!2i768!4f13.1!3m3!1m2!1s0x0%3A0xb6f89860c9d15063!2sSaltgrass+Steak+House!5e0!3m2!1sen!2sus!4v1532703767056"
"Silver Palace Chinese Buffet","Chinese","https://www.google.com/maps/embed?pb=!1m18!1m12!1m3!1d2914.1226231806927!2d-95.43887359925921!3d29.705407215567785!2m3!1f0!2f0!3f0!3m2!1i1024!2i768!4f13.1!3m3!1m2!1s0x8640c1b6a0f3d111%3A0x905e0a90c3a93b11!2sSilver+Palace+Chinese+Buffet!5e0!3m2!1sen!2sus!4v1532703820656"
"Sleepy's PoBoys","Sandwiches","https://www.google.com/maps/embed?pb=!1m18!1m12!1m3!1d3466.383094649612!2d-95.42704758425235!3d29.679670942665414!2m3!1f0!2f0!3f0!3m2!1i1024!2i768!4f13.1!3m3!1m2!1s0x8640c02877cf6481%3A0x83269c04e911cea!2sSleepy's+Po-Boys!5e0!3m2!1sen!2sus!4v1532703853637"
"Smashburger","Burgers","https://www.google.com/maps/embed?pb=!1m18!1m12!1m3!1d55462.08835347763!2d-95.45987825567083!3d29.679745552640988!2m3!1f0!2f0!3f0!3m2!1i1024!2i768!4f13.1!3m3!1m2!1s0x0%3A0x68a5fe67afc54763!2sSmashburger!5e0!3m2!1sen!2sus!4v1532703890184"
"Sonic","Fast-Food","https://www.google.com/maps/embed?pb=!1m18!1m12!1m3!1d55462.01115404327!2d-95.45987827042165!3d29.67988548706242!2m3!1f0!2f0!3f0!3m2!1i1024!2i768!4f13.1!3m3!1m2!1s0x0%3A0x643b7408b6cff08!2sSonic+Drive-In!5e0!3m2!1sen!2sus!4v1532703920460"
"Southwell's","Burgers","https://www.google.com/maps/embed?pb=!1m18!1m12!1m3!1d55461.93395440732!2d-95.45987828517254!3d29.680025421249617!2m3!1f0!2f0!3f0!3m2!1i1024!2i768!4f13.1!3m3!1m2!1s0x0%3A0x1e0388d78570ad0b!2sSouthwell's+Hamburger+Grill!5e0!3m2!1sen!2sus!4v1532704002524"
"Spanky's Pizza","Pizza","https://www.google.com/maps/embed?pb=!1m18!1m12!1m3!1d55461.11392193313!2d-95.37222882677085!3d29.681511797693197!2m3!1f0!2f0!3f0!3m2!1i1024!2i768!4f13.1!3m3!1m2!1s0x0%3A0x467a0136ed31bba3!2sSpanky's+Homemade+Pizza+%26+Bar!5e0!3m2!1sen!2sus!4v1532704060738"
"Subway","Sandwiches","https://www.google.com/maps/embed?pb=!1m18!1m12!1m3!1d46637.909302451524!2d-95.43210716058452!3d29.67966358889169!2m3!1f0!2f0!3f0!3m2!1i1024!2i768!4f13.1!3m3!1m2!1s0x0%3A0x5bbc3e83f509d0e8!2sSubway+Restaurants!5e0!3m2!1sen!2sus!4v1532704094403"
"Taco Bell","Fast-Food","https://www.google.com/maps/embed?pb=!1m18!1m12!1m3!1d55462.06797521002!2d-95.4321071710149!3d29.67978249106687!2m3!1f0!2f0!3f0!3m2!1i1024!2i768!4f13.1!3m3!1m2!1s0x0%3A0x74ccd2895ddac445!2sTaco+Bell!5e0!3m2!1sen!2sus!4v1532704156235"
"Taqueria Arandas","Mexican","https://www.google.com/maps/embed?pb=!1m18!1m12!1m3!1d55461.99077572238!2d-95.43210718576577!3d29.679922425426472!2m3!1f0!2f0!3f0!3m2!1i1024!2i768!4f13.1!3m3!1m2!1s0x0%3A0x10986a782e0fbc36!2sTaquerias+Arandas!5e0!3m2!1sen!2sus!4v1532704190709"
"The French Corner","Sandwiches","https://www.google.com/maps/embed?pb=!1m18!1m12!1m3!1d17465.543019418776!2d-95.41809852068707!3d29.702295817770075!2m3!1f0!2f0!3f0!3m2!1i1024!2i768!4f13.1!3m3!1m2!1s0x0%3A0xe357b89adb6e0589!2sThe+French+Corner!5e0!3m2!1sen!2sus!4v1532704255555"
"The Union Kitchen","Generic","https://www.google.com/maps/embed?pb=!1m18!1m12!1m3!1d55449.592160321845!2d-95.442087565595!3d29.702388792132066!2m3!1f0!2f0!3f0!3m2!1i1024!2i768!4f13.1!3m3!1m2!1s0x0%3A0xe532b102aea407c6!2sThe+Union+Kitchen!5e0!3m2!1sen!2sus!4v1532704292619"
"Torchy's","Mexican","https://www.google.com/maps/embed?pb=!1m18!1m12!1m3!1d26936.504947423295!2d-95.41421608519558!3d29.698734960188816!2m3!1f0!2f0!3f0!3m2!1i1024!2i768!4f13.1!3m3!1m2!1s0x0%3A0x20754c3cfb7887d0!2sTorchy's+Tacos!5e0!3m2!1sen!2sus!4v1532704337141"
"Viet's Express","Chinese","https://www.google.com/maps/embed?pb=!1m18!1m12!1m3!1d26936.504947423295!2d-95.41421608519558!3d29.698734960188816!2m3!1f0!2f0!3f0!3m2!1i1024!2i768!4f13.1!3m3!1m2!1s0x0%3A0x20754c3cfb7887d0!2sTorchy's+Tacos!5e0!3m2!1sen!2sus!4v1532704337141"
"Vietopia","Chinese","https://www.google.com/maps/embed?pb=!1m18!1m12!1m3!1d42745.69555079662!2d-95.44253491565615!3d29.730059063351344!2m3!1f0!2f0!3f0!3m2!1i1024!2i768!4f13.1!3m3!1m2!1s0x8640c0f8e047b733%3A0xe42303a519bce450!2sVietopia!5e0!3m2!1sen!2sus!4v1532704416501"
"Wendy's","Fast-Food","https://www.google.com/maps/embed?pb=!1m18!1m12!1m3!1d55434.24944304277!2d-95.44253492442259!3d29.73016852917856!2m3!1f0!2f0!3f0!3m2!1i1024!2i768!4f13.1!3m3!1m2!1s0x0%3A0x193a4e9b59af1f21!2sWendy's!5e0!3m2!1sen!2sus!4v1532704448469"
"Whataburger","Fast-Food","https://www.google.com/maps/embed?pb=!1m18!1m12!1m3!1d16019.214707425826!2d-95.42241316699112!3d29.681965423367163!2m3!1f0!2f0!3f0!3m2!1i1024!2i768!4f13.1!3m3!1m2!1s0x0%3A0xd1b567da8127cb31!2sWhataburger!5e0!3m2!1sen!2sus!4v1532704480886"
"Whichwich","Sandwiches","https://www.google.com/maps/embed?pb=!1m18!1m12!1m3!1d55460.81337713025!2d-95.44731768611221!3d29.68205654297712!2m3!1f0!2f0!3f0!3m2!1i1024!2i768!4f13.1!3m3!1m2!1s0x0%3A0x700d45a947178f08!2sWhich+Wich+Superior+Sandwiches!5e0!3m2!1sen!2sus!4v1532704515311"
"Wooster's Garden","Generic","https://www.google.com/maps/embed?pb=!1m18!1m12!1m3!1d58373.33401226847!2d-95.37317957387894!3d29.727618361481113!2m3!1f0!2f0!3f0!3m2!1i1024!2i768!4f13.1!3m3!1m2!1s0x8640bf6e9250dd3b%3A0x788119d02efd4fca!2sWooster's+Garden!5e0!3m2!1sen!2sus!4v1532702285500"
